"Control","Test","Placebo"
9.89767795537732,7.95604826165021,8.55068909016262
6.25277253490108,6.9202342503444,6.21663790850274
7.11826608033227,5.65588382655256,8.62987204319849
8.14469816490987,7.80121884716493,6.16464374969652
7.63090842583468,7.02100052333211,8.1292762086246
5.52235904894173,7.67486303776066,7.11824671470584
